greenbea,C2_SimpleBashUtils,2022-12-07
nellyole,C2_SimpleBashUtils,2022-12-28
loewetha,C3_s21_string+,2023-01-02
hubertfu,C3_s21_string+,2023-01-03
loewetha,DO1_Linux,2023-01-07
greenbea,C3_s21_string+,2023-01-12
nellyole,DO1_Linux,2023-01-12
hubertfu,DO1_Linux,2023-01-12
tarticar,DO2_Linux Network,2023-02-04
nellyole,DO2_Linux Network,2023-02-12
tarticar,C6_s21_matrix,2023-02-15
greenbea,C4_s21_math,2023-02-18
loewetha,DO2_Linux Network,2023-02-21
hubertfu,DO2_Linux Network,2023-02-21
nellyole,DO3_LinuxMonitoring v1.0,2023-02-21
loewetha,DO3_LinuxMonitoring v1.0,2023-02-25
greenbea,C5_s21_decimal,2023-03-02
loewetha,DO4_LinuxMonitoring v2.0,2023-03-07
nellyole,DO4_LinuxMonitoring v2.0,2023-03-07
hubertfu,C4_s21_math,2023-03-07
tarticar,C7_SmartCalc_v1.0,2023-04-01
greenbea,C6_s21_matrix,2023-04-03
loewetha,DO5_SimpleDocker,2023-04-10
loewetha,DO6_CICD,2023-04-15
greenbea,C7_SmartCalc_v1.0,2023-05-06
greenbea,C8_3DViewer_v1.0,2023-06-01